Subreddit,Type,Title,URL,Scraped At
Python,python_topic,r/PythonPycon US 2025starts next week!,,2025-09-14 13:34:24
Python,python_topic,r/Python Rules,,2025-09-14 13:34:24
Python,python_topic,"""How do I"", Help, or similar questions belong in r/LearnPython",,2025-09-14 13:34:24
Python,python_topic,Posts must be relevant to the Python Programming Language,,2025-09-14 13:34:24
Python,python_topic,When posting projects please include both description text and a link to source code,,2025-09-14 13:34:24
Python,python_topic,Join the Python Discord,,2025-09-14 13:34:24
Python,python_topic,Related Python communities,,2025-09-14 13:34:24
Python,discussion,Sunday Daily Thread: What's everyone working on this week?votes •comments,/r/Python/comments/1ngcnn7/sunday_daily_thread_whats_everyone_working_on/,2025-09-14 13:34:24
Python,discussion,Saturday Daily Thread: Resource Request and Sharing! Daily Threadvotes •comments,/r/Python/comments/1nfiys8/saturday_daily_thread_resource_request_and/,2025-09-14 13:34:24
Python,discussion,MathFlow: an easy-to-use math library for python,/r/Python/comments/1nfyq8o/mathflow_an_easytouse_math_library_for_python/,2025-09-14 13:34:24
Python,discussion,Python feels easy… until it doesn’t. What was your first real struggle?,/r/Python/comments/1n324wb/python_feels_easy_until_it_doesnt_what_was_your/,2025-09-14 13:34:24
Python,discussion,SplitterMR: a modular library for splitting & parsing documents,/r/Python/comments/1ng2h8x/splittermr_a_modular_library_for_splitting/,2025-09-14 13:34:24
programming,python_topic,r/programming,,2025-09-14 13:34:30
programming,python_topic,r/programming Rules,,2025-09-14 13:34:30
programming,python_topic,/r/programming is not a support forum,,2025-09-14 13:34:30
programming,discussion,Git’s hidden simplicity: what’s behind every commit,/r/programming/comments/1nfzfuo/gits_hidden_simplicity_whats_behind_every_commit/,2025-09-14 13:34:30
programming,discussion,AWS CEO Says Replacing Junior Developers with AI Is the Dumbest Thing He's Ever Heard,/r/programming/comments/1mzofsk/aws_ceo_says_replacing_junior_developers_with_ai/,2025-09-14 13:34:30
programming,discussion,TargetJS: a UI framework where time is declarative (no async/await chains),/r/programming/comments/1ng8xio/targetjs_a_ui_framework_where_time_is_declarative/,2025-09-14 13:34:30
learnpython,python_topic,r/learnpython,,2025-09-14 13:34:37
learnpython,python_topic,r/learnpython Rules,,2025-09-14 13:34:37
learnpython,python_topic,Posts to this subreddit must be requests for help learning python.,,2025-09-14 13:34:37
learnpython,python_topic,Code Hosting/Formatting,,2025-09-14 13:34:37
learnpython,discussion,Ask Anything Monday - Weekly Threadvotes •comments,/r/learnpython/comments/1nb8xgx/ask_anything_monday_weekly_thread/,2025-09-14 13:34:37
learnpython,discussion,What is advanced really?,/r/learnpython/comments/1ngf7w3/what_is_advanced_really/,2025-09-14 13:34:37
learnpython,discussion,I’m 70. Is it worth learning Python?,/r/learnpython/comments/1mzmxom/im_70_is_it_worth_learning_python/,2025-09-14 13:34:37
learnpython,discussion,Book or tutorial to learn statistics and python,/r/learnpython/comments/1nge5wl/book_or_tutorial_to_learn_statistics_and_python/,2025-09-14 13:34:37
